City,Lat,Lng,Max Temp,Humidity,Wind Speed,Cloudiness,Country,Date
Port Hedland,59.7,30.79,45,93,4.47,90,AU,1604114657
New Norfolk,33.28,134.15,68,30,3.36,20,AU,1604114658
Taolanaro,,,,,,,MG,
Taolanaro,5.89,95.32,82.31,74,10.65,98,MG,1604114552
Mount Gambier,3.07,172.79,82.58,76,19.42,63,AU,1604114401
Mahebourg,63.29,18.72,33.8,85,2.24,100,MU,1604114660
Port Hedland,,,,,,,AU,
Palabuhanratu,63.92,127.47,-6,86,2.86,2,ID,1604114661
Bluff,,,,,,,NZ,
Port Elizabeth,65.09,12.37,48.2,76,13.87,100,ZA,1604114662
Yulara,21.23,81.63,69.8,64,3.36,0,AU,1604114663
Busselton,51.65,84.32,31.62,91,2.75,98,AU,1604114663
Bambous Virieux,54.72,135.31,36.01,81,3.62,100,MU,1604114664
Maumere,59.7,30.79,45,93,4.47,90,ID,1604114657
Honiara,3.07,172.79,82.58,76,19.42,63,SB,1604114401
Namibe,,,,,,,AO,
Taolanaro,69.49,88.4,14,78,29.08,75,MG,1604114666
Hokitika,15.22,102.49,84,94,9.17,75,NZ,1604114666
Antsohihy,,,,,,,MG,
Hithadhoo,32.76,12.57,68.76,62,5.68,49,MV,1604114667
Busselton,46.68,113.28,36.99,70,19.1,29,AU,1604114668
Ulladulla,9.23,29.83,73.72,85,2.17,87,AU,1604114669
Hobart,43.32,145.57,51.8,53,9.17,20,AU,1604114669
Mahebourg,53.03,5.66,57,97,1.99,86,MU,1604114670
Hermanus,49.71,72.59,19.4,85,2.24,0,ZA,1604114670
Busselton,53.97,121.97,28.94,84,8.9,100,AU,1604114671
Bredasdorp,78.22,15.64,17.6,72,1.12,20,ZA,1604114671
Sambava,58.66,6.72,45,96,2.1,73,MG,1604114672
Dunedin,40.28,97.2,44.17,52,19.22,100,NZ,1604114672
Busselton,47.89,134.95,45.61,65,10.22,94,AU,1604114673
Te Anau,66.83,70.83,34.29,97,15.37,100,NZ,1604114673
Busselton,45.23,147.88,46.27,73,24,69,AU,1604114674
Bredasdorp,-2.63,115.23,89.35,67,1.25,66,ZA,1604114674
Hobart,59.58,151.28,32.49,96,12.37,100,AU,1604114463
Port Alfred,2.18,22.47,70.97,97,1.36,97,ZA,1604114675
New Norfolk,9.49,50.81,76.21,84,9.26,60,AU,1604114676
Port Elizabeth,70.63,147.92,10.09,96,7.63,100,ZA,1604114676
Port Lincoln,47.8,67.71,35.65,76,6.93,0,AU,1604114506
Hermanus,71.04,27.85,30.83,94,9.44,37,ZA,1604114677
Hobart,18.42,84.05,78.39,60,6.2,73,AU,1604114678
Vao,-2.57,150.8,83.53,72,5.97,100,NC,1604114319
Te Anau,60.73,56.72,33.82,93,10.42,100,NZ,1604114403
Taolanaro,13.05,123.3,84.7,72,9.19,100,MG,1604114679
Geraldton,30.29,120.16,70,52,5.01,34,AU,1604114414
Saint-Philippe,,,,,,,RE,
Hobart,56.02,29.93,46.42,96,4.14,99,AU,1604114681
Bambous Virieux,28.37,129.48,77,57,24.16,75,MU,1604114550
Busselton,50.6,97.52,24.78,90,8.9,100,AU,1604114682
Hermanus,70.86,29.09,31.44,93,10.18,53,ZA,1604114683
Kruisfontein,,,,,,,ZA,
Tairua,17.02,54.09,73.4,38,3.36,0,NZ,1604114666
Tuatapere,3.07,172.79,82.58,76,19.42,63,NZ,1604114401
Hobart,,,,,,,AU,
Albany,36.21,57.68,39.2,41,9.17,0,AU,1604114685
Hambantota,71.97,102.5,-10.44,85,5.91,0,LK,1604114686
Grootfontein,,,,,,,NA,
Busselton,39.57,2.65,54,93,4.7,0,AU,1604114545
Namibe,53.05,158.65,41,75,6.71,75,AO,1604114548
Saint-Leu,68.75,161.3,7.74,90,5.12,100,RE,1604114450
Hobart,69.7,170.31,19.99,97,7.4,100,AU,1604114409
Bluff,,,,,,,NZ,
Hobart,61.2,62.84,31.98,96,8.61,100,AU,1604114689
Port Alfred,22.27,-101.97,56.73,43,10.92,0,ZA,1604114518
Soavinandriana,34.98,139.87,64.99,48,19.46,20,MG,1604114691
Saint-Philippe,62.88,152.43,14.45,91,2.64,98,RE,1604114510
Port Elizabeth,56,8.13,46.99,75,9.66,16,ZA,1604114692
Kruisfontein,69.7,170.31,19.99,97,7.4,100,ZA,1604114409
Port Alfred,5.4,26.49,68.47,95,2.73,91,ZA,1604114693
Busselton,73.51,80.55,14.59,96,27.04,97,AU,1604114693
Northam,71.92,114.08,-2.2,83,6.17,3,AU,1604114694
Bredasdorp,78.22,15.64,17.6,72,1.12,20,ZA,1604114671
Mahebourg,,,,,,,MU,
Albany,58.84,125.49,13.17,93,2.62,98,AU,1604114695
Poso,,,,,,,ID,
Busselton,,,,,,,AU,
Umzimvubu,57.64,18.3,46.4,100,3.36,1,ZA,1604114550
Esperance,57.64,32.47,43.88,94,3.65,75,AU,1604114698
Hobart,,,,,,,AU,
Hobart,31.86,117.28,64.4,63,6.71,100,AU,1604114698
Alice Springs,35.41,116.58,62.83,60,10.04,100,AU,1604114699
Mount Gambier,13.49,106.98,85.6,67,7.29,0,AU,1604114699
Brebes,53.57,142.95,39.67,70,7.72,38,ID,1604114700
Yulara,69.7,170.31,19.99,97,7.4,100,AU,1604114409
Busselton,,,,,,,AU,
Bambous Virieux,36.56,104.21,44.6,33,2.24,0,MU,1604114702
Albany,71.92,114.08,-2.2,83,6.17,3,AU,1604114694
Te Anau,50.68,156.12,40.37,92,39.26,100,NZ,1604114703
Sorong,49.93,116.87,30.34,95,17.43,100,ID,1604114703
Taolanaro,36.1,120.37,64.4,63,13.42,40,MG,1604114633
Souillac,3.07,172.79,82.58,76,19.42,63,MU,1604114401
Kununurra,-8.93,125.41,80.38,39,4,0,AU,1604114705
Bambous Virieux,71.69,128.87,7.32,95,3.96,100,MU,1604114705
Port Alfred,43.8,87.6,44.6,48,2.24,0,ZA,1604114706
Bluff,39.93,9.66,60.8,77,6.93,5,NZ,1604114706
Port Lincoln,71.69,128.87,7.32,95,3.96,100,AU,1604114705
Bluff,35.73,140.83,66,48,14.99,20,NZ,1604114707
Isoka,,,,,,,ZM,
Victoria,42.9,71.37,33.8,64,1.74,0,SC,1604114708
Busselton,,,,,,,AU,
Saldanha,59.7,30.79,45,93,4.47,90,ZA,1604114657
Port Alfred,32.87,59.22,32,28,6.93,0,ZA,1604114710
Omboue,69.3,139.9,2.28,95,2.28,100,GA,1604114710
New Norfolk,69.38,178.42,18.59,94,16.11,69,AU,1604114711
Bambous Virieux,65.98,60.31,36.03,97,13.24,100,MU,1604114712
Grand River South East,70.66,23.68,30.2,63,28.86,0,MU,1604114712
Port Alfred,71.97,102.5,-10.44,85,5.91,0,ZA,1604114686
Southbridge,-0.91,122.88,77.92,81,6.29,100,NZ,1604114513
Kununurra,29.39,106.52,63,100,4.47,90,AU,1604114714
Albany,,,,,,,AU,
Kisiwani,73.51,80.55,14.59,96,27.04,97,TZ,1604114693
New Norfolk,50.68,156.12,40.37,92,39.26,100,AU,1604114703
Albany,41.29,141.22,59,54,9.17,20,AU,1604114716
Grand River South East,71.97,102.5,-10.44,85,5.91,0,MU,1604114686
Port Elizabeth,,,,,,,ZA,
Batemans Bay,14.2,43.32,79.56,67,1.12,0,AU,1604114557
Albany,51.31,119.61,27.36,96,16.4,100,AU,1604114718
East London,,,,,,,ZA,
Lolua,69.49,88.4,14,78,29.08,75,TV,1604114666
Bengkulu,20.15,92.9,79.99,80,6.46,75,ID,1604114719
Hermanus,68.75,161.3,7.74,90,5.12,100,ZA,1604114450
Busselton,78.22,15.64,17.6,72,1.12,20,AU,1604114671
Albany,11.28,49.18,80.35,69,5.14,60,AU,1604114721
Umzimvubu,64.57,143.2,-0.8,84,2.64,21,ZA,1604114722
Taolanaro,52.42,60.34,37.76,74,8.84,94,MG,1604114722
Kaitangata,50.68,156.12,40.37,92,39.26,100,NZ,1604114703
New Norfolk,,,,,,,AU,
Karratha,33.36,129.55,68,45,3.36,20,AU,1604114724
Saldanha,59.18,61.86,32.67,94,9.8,50,ZA,1604114724
Broken Hill,18.8,110.4,78.49,79,15.68,81,AU,1604114725
Beloha,38.98,117.38,60.8,55,4.47,2,MG,1604114725
Bluff,51.02,45.7,44.01,69,1.99,100,NZ,1604114726
Cape Town,68.05,39.51,33.53,91,17.92,87,ZA,1604114726
Broome,,,,,,,AU,
Albany,,,,,,,AU,
Albany,71.97,102.5,-10.44,85,5.91,0,AU,1604114686
Port Macquarie,24.09,32.91,72.32,57,3.11,0,AU,1604114728
Victoria,52.86,46.09,41.68,70,9.17,100,SC,1604114729
Kirakira,78.22,15.64,17.6,72,1.12,20,SB,1604114671
Bengkulu,9.7,10.27,74.97,35,3.91,4,ID,1604114730
Busselton,22.29,114.16,75.99,63,3,45,AU,1604114152
Bur Gabo,38.93,100.45,44.6,52,2.44,26,SO,1604114731
Kupang,40.81,114.88,48.61,41,18.66,0,ID,1604114498
Henties Bay,25.12,114.3,74.37,59,4.45,58,NA,1604114732
Carnarvon,73.51,80.55,14.59,96,27.04,97,AU,1604114693
Luderitz,38.78,63.88,32,46,4.7,0,NA,1604114733
Tamasane,41.76,86.15,45.73,51,5.86,32,BW,1604114734
Albany,,,,,,,AU,
Albany,78.22,15.64,17.6,72,1.12,20,AU,1604114671
Hermanus,50.68,156.12,40.37,92,39.26,100,ZA,1604114703
Albany,60.47,166.1,30.25,97,2.1,92,AU,1604114736
Cape Town,18.39,42.45,55.4,80,0.54,0,ZA,1604114499
Albany,62.58,6.13,48.2,70,11.41,81,AU,1604114737
Potchefstroom,71,24.66,30.2,63,28.86,0,ZA,1604114534
Bluff,70.86,29.09,31.44,93,10.18,53,NZ,1604114683
Hobart,35.73,140.83,66,48,14.99,20,AU,1604114707
Taolanaro,13.98,10.27,80.01,24,5.99,0,MG,1604114515
Busselton,19.75,10.25,65.88,30,11.7,0,AU,1604114739
New Norfolk,22.57,59.53,76.98,58,10.63,0,AU,1604114524
Amberley,31.9,54.37,50,27,4.7,0,NZ,1604114733
Mahebourg,56.26,51.28,36.86,85,6.06,100,MU,1604114741
Kruisfontein,-8.93,125.41,80.38,39,4,0,ZA,1604114705
Kirkwood,69.38,178.42,18.59,94,16.11,69,ZA,1604114711
Port Alfred,57.94,55.33,37.4,86,8.95,90,ZA,1604114742
Marovoay,36,45.89,42.8,62,2.01,13,MG,1604114743
Bredasdorp,-2.02,147.27,84.27,70,1.3,92,ZA,1604114743
Albany,63.05,179.32,23.31,88,13.6,80,AU,1604114482
Eenhana,60.42,134.53,6.24,89,2.73,100,NA,1604114744
Cap Malheureux,50.6,97.52,24.78,90,8.9,100,MU,1604114682
Matara,9.25,0.78,69.8,94,1.97,0,LK,1604114745
Hobart,29.97,40.21,59,16,4.7,0,AU,1604114746
Bredasdorp,51.5,156.52,40.93,85,27.31,100,ZA,1604114747
Mount Isa,71.69,128.87,7.32,95,3.96,100,AU,1604114705
Albany,,,,,,,AU,
Bluff,5.56,95.32,85.44,63,7.7,98,NZ,1604114748
Te Anau,35.73,140.83,66,48,14.99,20,NZ,1604114707
Oranjemund,71.92,114.08,-2.2,83,6.17,3,NA,1604114694
Yulara,73.51,80.55,14.59,96,27.04,97,AU,1604114693
Bluff,45.76,106.27,30.87,73,19.08,100,NZ,1604114750
Albany,66.77,123.37,-9.33,88,0.74,97,AU,1604114517
Bengkulu,-2.67,141.3,85.57,59,4.72,100,ID,1604114503
Yulara,0.53,72.93,83.19,74,10.29,100,AU,1604114752
Albany,,,,,,,AU,
Port Elizabeth,46.49,135.88,38.8,84,3.58,99,ZA,1604114753
Inhambane,10.57,72.64,84.2,79,4.7,40,MZ,1604114753
Isangel,,,,,,,VU,
Cape Town,,,,,,,ZA,
Busselton,16.07,108.22,78.8,94,5.82,75,AU,1604114624
Richards Bay,32.66,51.68,37.4,40,4.7,0,ZA,1604114753
East London,9.61,6.56,75.2,64,4.7,0,ZA,1604114756
Albany,1.17,108.97,85.1,69,7.18,37,AU,1604114757
Bluff,64,44.45,30.67,97,5.86,5,NZ,1604114757
Bredasdorp,39.64,34.47,56.21,64,3.65,28,ZA,1604114758
Busselton,51.39,109.87,27.01,90,9.55,100,AU,1604114758
Albany,20.9,70.37,80.96,48,7.58,0,AU,1604114759
Busselton,53.46,85.45,33.55,97,10.63,100,AU,1604114759
Kaitangata,-2.02,147.27,84.27,70,1.3,92,NZ,1604114743
Cape Town,69.38,178.42,18.59,94,16.11,69,ZA,1604114711
Alice Springs,,,,,,,AU,
Broome,47.47,84.87,36.05,77,1.19,0,AU,1604114761
Hermanus,50.61,105.32,32.97,80,4.68,98,ZA,1604114762
Saint-Philippe,,,,,,,RE,
Namibe,61.99,5.14,46.99,81,12.75,95,AO,1604114763
Albany,66.56,67.8,34.39,98,13.58,100,AU,1604114763
New Norfolk,-34.65,-58.62,59,98,4.99,0,AU,1604114764
Grand River South East,65.82,87.98,4.51,91,10.83,55,MU,1604114764
East London,46.84,32.76,46.4,93,6.71,100,ZA,1604114765
Bredasdorp,50.68,156.12,40.37,92,39.26,100,ZA,1604114703
Broome,73.51,80.55,14.59,96,27.04,97,AU,1604114693
Busselton,49.76,129.52,39.72,68,15.79,100,AU,1604114766
Esperance,49.22,143.12,43.47,63,3.18,2,AU,1604114767
Bengkulu,71.92,114.08,-2.2,83,6.17,3,ID,1604114694
Hermanus,12.22,125.48,81.81,86,15.19,100,ZA,1604114587
Grand River South East,70.37,31.11,34.03,87,6.8,27,MU,1604114551
Bredasdorp,,,,,,,ZA,
Taolanaro,3.07,172.79,82.58,76,19.42,63,MG,1604114401
Hobart,,,,,,,AU,
Victoria,-2.02,147.27,84.27,70,1.3,92,SC,1604114743
Hobart,71.92,114.08,-2.2,83,6.17,3,AU,1604114694
Jamestown,3.07,172.79,82.58,76,19.42,63,SH,1604114401
Merauke,40.43,71.72,42.8,33,6.93,0,ID,1604114772
Bluff,,,,,,,NZ,
Dunedin,35.53,134.83,59,62,2.24,40,NZ,1604114773
East London,3.07,172.79,82.58,76,19.42,63,ZA,1604114401
Kruisfontein,21.43,39.83,73.33,70,0.47,0,ZA,1604114774
Mahebourg,43.27,-7.54,55.99,100,7.16,59,MU,1604114775
Kaitangata,42.27,118.96,52.92,36,20.78,0,NZ,1604114643
Laela,67.8,130.41,4.26,93,1.19,100,TZ,1604114776
Kindu,10.57,72.64,84.2,79,4.7,40,CD,1604114753
Albany,22.93,57.53,68.11,24,3.24,0,AU,1604114777
Mahebourg,62.27,21.38,42.17,87,5.14,1,MU,1604114777
Vao,-34.65,-58.62,59,98,4.99,0,NC,1604114764
Gatton,14.4,46.47,61.75,40,2.37,0,AU,1604114779
Port Alfred,5.4,26.49,68.47,95,2.73,91,ZA,1604114693
Manggar,41.76,86.15,45.73,51,5.86,32,ID,1604114734
Albany,70.37,31.11,34.03,87,6.8,27,AU,1604114551
Mount Gambier,69.7,170.31,19.99,97,7.4,100,AU,1604114409
Lolua,38.41,112.73,53.67,35,9.22,0,TV,1604114781
Phalaborwa,71.92,114.08,-2.2,83,6.17,3,ZA,1604114694
Albany,62.65,8.72,44.6,70,6.93,100,AU,1604114782
Bluff,31.61,34.76,72,100,1.99,80,NZ,1604114522
Sydney,59.36,5.22,41,93,2.24,64,AU,1604114783
Namibe,17.02,54.09,73.4,38,3.36,0,AO,1604114666
Bengkulu,68.75,161.3,7.74,90,5.12,100,ID,1604114450
Hobart,,,,,,,AU,
Taolanaro,51.73,39.15,44.6,100,2.24,90,MG,1604114785
Taolanaro,,,,,,,MG,
Saint-Joseph,78.22,15.64,17.6,72,1.12,20,RE,1604114671
Albany,43.93,141.64,50.07,61,7.47,59,AU,1604114787
Hobart,48.6,133.82,42.42,68,9.48,100,AU,1604114787
Luderitz,10.7,37.07,53.42,87,5.23,21,NA,1604114788
Moree,69.3,139.9,2.28,95,2.28,100,AU,1604114710
Maltahohe,,,,,,,NA,
Hithadhoo,71.92,114.08,-2.2,83,6.17,3,MV,1604114694
Hermanus,31.21,16.59,69.87,66,10.69,68,ZA,1604114790
Kavieng,53.57,142.95,39.67,70,7.72,38,PG,1604114700
Bredasdorp,20.45,121.97,77.22,73,29.89,67,ZA,1604114791
Busselton,36.38,33.93,65.34,53,2.35,12,AU,1604114791
Port Alfred,5.67,73,82.31,71,5.44,19,ZA,1604114792
Port Alfred,35.73,140.83,66,48,14.99,20,ZA,1604114707
Koulamoutou,20.86,92.31,82.36,76,4.74,6,GA,1604114793
Fianarantsoa,37.35,59.61,47.77,44,6.38,0,MG,1604114793
Hithadhoo,,,,,,,MV,
Hobart,59.58,151.28,32.49,96,12.37,100,AU,1604114463
Bambous Virieux,35.73,140.83,66,48,14.99,20,MU,1604114707
Ulladulla,-8.93,125.41,80.38,39,4,0,AU,1604114705
Hithadhoo,5.35,48.53,80.49,78,8.21,88,MV,1604114796
Caconda,25.52,90.22,79.66,76,2.77,93,AO,1604114796
Hobart,61.92,63.02,30.63,96,8.84,98,AU,1604114797
East London,60.12,64.78,31.32,97,9.75,100,ZA,1604114797
Busselton,73.51,80.55,14.59,96,27.04,97,AU,1604114693
Kaitangata,,,,,,,NZ,
Bundaberg,11.14,123.72,82.94,75,11.07,100,AU,1604114799
Te Anau,64.57,143.2,-0.8,84,2.64,21,NZ,1604114722
Busselton,50.32,29.06,40.96,90,6.24,100,AU,1604114800
Poum,,,,,,,NC,
Albany,22.5,82.55,73.6,50,7.31,0,AU,1604114801
Mount Isa,56.85,124.91,18.07,94,2.17,73,AU,1604114802
Hermanus,59.7,30.79,45,93,4.47,90,ZA,1604114657
Luderitz,73.51,80.55,14.59,96,27.04,97,NA,1604114693
Tsihombe,,,,,,,MG,
Hobart,,,,,,,AU,
Morondava,16.15,36.2,78.85,49,7.36,0,MG,1604114515
Bukama,66.56,67.8,34.39,98,13.58,100,CD,1604114763
Hermanus,35.3,37.18,59.9,68,3.09,97,ZA,1604114536
Luderitz,57.26,103.75,21.74,96,5.53,100,NA,1604114807
Portland,61.33,40.09,37.35,94,8.63,95,AU,1604114808
Bluff,22.29,114.16,75.99,63,3,45,NZ,1604114152
Hithadhoo,3.3,117.63,82.76,77,11.25,95,MV,1604114809
Karratha,66.42,112.4,1.4,84,2.24,90,AU,1604114809
Asau,,,,,,,TV,
Kavieng,3.07,172.79,82.58,76,19.42,63,PG,1604114401
Saldanha,,,,,,,ZA,
Busselton,65.2,31.17,28.76,95,3.06,0,AU,1604114811
Cape Town,58.1,27.46,46.4,93,4.7,65,ZA,1604114812
Banjar,24.8,125.28,78.8,65,16.11,20,ID,1604114812
Albany,42.8,93.45,42.89,55,6.15,0,AU,1604114813
Bredasdorp,18.42,84.05,78.39,60,6.2,73,ZA,1604114678
Carnarvon,3.07,172.79,82.58,76,19.42,63,AU,1604114401
Henties Bay,24.34,124.16,80.6,61,17.22,40,NA,1604114814
Hermanus,69.3,139.9,2.28,95,2.28,100,ZA,1604114710
Nikolskoye,-21.21,-159.78,75.2,78,12.75,91,RU,1604114147
Muroto,-54.8,-68.3,48.2,76,16.11,75,JP,1604114348
Belushya Guba,-9.8,-139.03,77.83,75,11.77,61,RU,1604114392
Sabang,-23.12,-134.97,76.15,63,0.98,0,ID,1604114343
Butaritari,-30.18,-50.21,63.23,69,9.71,76,KI,1604114458
Ornskoldsvik,-54.8,-68.3,48.2,76,16.11,75,SE,1604114348
Fevralsk,-0.74,-90.35,70,92,5.99,84,RU,1604114344
Sangar,-23.12,-134.97,76.15,63,0.98,0,RU,1604114343
Sentyabrskiy,42.1,-79.24,35.01,86,9.17,90,RU,1604114151
Terrak,-23.12,-134.97,76.15,63,0.98,0,NO,1604114343
Raipur,-5.09,-81.11,62.74,88,10.25,99,IN,1604114496
Soloneshnoye,-54.8,-68.3,48.2,76,16.11,75,RU,1604114348
Chumikan,42.1,-79.24,35.01,86,9.17,90,RU,1604114151
Nikolskoye,-13.7,-76.22,64.4,82,2.24,90,RU,1604114331
Butaritari,-21.21,-159.78,75.2,78,12.75,91,KI,1604114147
Sentyabrskiy,42.1,-79.24,35.01,86,9.17,90,RU,1604114151
Talnakh,-46.19,168.86,54,89,13,100,RU,1604114358
Phimai,39.95,-75.16,43,61,9.17,20,TH,1604114274
Belushya Guba,-23.12,-134.97,76.15,63,0.98,0,RU,1604114343
Surman,-24.79,-50.01,51.76,93,10,100,LY,1604114364
Baruun-Urt,-21.2,-175.2,78.8,74,9.17,40,MN,1604114347
Bentiu,-23.12,-134.97,76.15,63,0.98,0,SD,1604114343
Nemuro,,,,,,,JP,
Sneek,-23.12,-134.97,76.15,63,0.98,0,NL,1604114343
Shakhtinsk,-17.71,-39.25,75.27,86,7.05,51,KZ,1604114367
Yerofey Pavlovich,-19.33,-45.24,70.93,87,7.63,39,RU,1604114513
Longyearbyen,-46.19,168.86,54,89,13,100,SJ,1604114358
Tonstad,42.1,-79.24,35.01,86,9.17,90,NO,1604114151
Yumen,-23.12,-134.97,76.15,63,0.98,0,CN,1604114343
Khor,-7.26,-34.91,77,88,5.82,40,QA,1604114337
Yar-Sale,-19.06,-169.92,77,78,16.11,90,RU,1604114415
Kurilsk,-21.2,-175.2,78.8,74,9.17,40,RU,1604114347
Tabat,-28.57,-70.76,56.46,60,0.56,0,SD,1604114504
Ola,-46.19,168.86,54,89,13,100,RU,1604114358
Bumba,-34.48,-54.33,44.44,90,1.19,64,CD,1604114474
Bandarbeyla,-3.53,-40.66,72.45,80,2.13,51,SO,1604114518
Chokurdakh,-53.15,-70.92,48.2,76,6.93,75,RU,1604114352
Zhezkazgan,-2.6,-43.46,75.24,89,4.56,36,KZ,1604114520
Mehamn,-23.12,-134.97,76.15,63,0.98,0,NO,1604114343
Narasannapeta,-22.97,-42.03,71.29,81,26.82,100,IN,1604114356
Kavieng,-38,-57.56,53.01,81,6.93,0,PG,1604114300
Nyrob,-46.19,168.86,54,89,13,100,RU,1604114358
Cagmanaba,-0.74,-90.35,70,92,5.99,84,PH,1604114344
Hangzhou,-53.15,-70.92,48.2,76,6.93,75,CN,1604114352
Borujan,-46.19,168.86,54,89,13,100,IR,1604114358
Nevel,-43.3,-65.1,61.45,35,11.88,0,RU,1604114176
Naze,,,,,,,JP,
Kungurtug,-9.8,-139.03,77.83,75,11.77,61,RU,1604114392
Berlevag,-23.12,-134.97,76.15,63,0.98,0,NO,1604114343
Urulga,-22.97,-42.03,71.29,81,26.82,100,RU,1604114356
Salalah,-23.12,-134.97,76.15,63,0.98,0,OM,1604114343
Butaritari,-53.15,-70.92,48.2,76,6.93,75,KI,1604114352
Ust-Bolsheretsk,-54.8,-68.3,48.2,76,16.11,75,RU,1604114348
Sabzevar,-54.8,-68.3,48.2,76,16.11,75,IR,1604114348
Khatanga,-46.19,168.86,54,89,13,100,RU,1604114358
Amderma,-41.87,-73.82,51.8,76,8.05,0,RU,1604114510
Palma,-54.8,-68.3,48.2,76,16.11,75,ES,1604114348
Petropavlovsk-Kamchatskiy,-0.74,-90.35,70,92,5.99,84,RU,1604114344
Cherskiy,-9.67,-35.74,75.2,94,2.24,75,RU,1604114531
Pevek,-0.32,102.35,90.79,58,1.95,36,RU,1604114401
Belushya Guba,-9.8,-139.03,77.83,75,11.77,61,RU,1604114392
Malinovskiy,-21.2,-175.2,78.8,74,9.17,40,RU,1604114347
Loreto,-22.97,-42.03,71.29,81,26.82,100,PH,1604114356
Tateyama,-23.12,-134.97,76.15,63,0.98,0,JP,1604114343
Seymchan,-33.93,18.42,55.99,66,19.46,0,RU,1604114218
Hvide Sande,-33.93,18.42,55.99,66,19.46,0,DK,1604114218
Pevek,-21.2,-175.2,78.8,74,9.17,40,RU,1604114347
Obo,-24.79,-50.01,51.76,93,10,100,CF,1604114364
Dikson,-23.12,-134.97,76.15,63,0.98,0,RU,1604114343
Saskylakh,-7.96,-79.24,61.88,89,13.06,99,RU,1604114536
Longyearbyen,-53.15,-70.92,48.2,76,6.93,75,SJ,1604114352
Sentyabrskiy,-21.64,-41.05,72.55,96,1.19,100,RU,1604114372
Nizhniy Kuranakh,-53.15,-70.92,48.2,76,6.93,75,RU,1604114352
Dalinghe,-53.15,-70.92,48.2,76,6.93,75,CN,1604114352
Belushya Guba,-23.12,-134.97,76.15,63,0.98,0,RU,1604114343
Visby,-33.93,18.42,55.99,66,19.46,0,SE,1604114218
Demyansk,-42.77,-65.04,60.31,46,13,0,RU,1604114540
Belushya Guba,-21.21,-159.78,75.2,78,12.75,91,RU,1604114147
Hefei,5.41,100.34,87.8,74,5.82,20,CN,1604114373
Jining,-43.3,-65.1,61.45,35,11.88,0,CN,1604114176
Lumphat,-24.79,-50.01,51.76,93,10,100,KH,1604114364
Okha,-38,-57.56,53.01,81,6.93,0,RU,1604114300
Pevek,-21.21,-159.78,75.2,78,12.75,91,RU,1604114147
Warqla,-5.2,-35.46,75.2,88,3.36,40,DZ,1604114544
Baiyin,-9.8,-139.03,77.83,75,11.77,61,CN,1604114392
Saskylakh,-29.14,-59.26,54.16,72,5.21,21,RU,1604114522
Severo-Kurilsk,-46.19,168.86,54,89,13,100,RU,1604114358
Dauriya,,,,,,,RU,
Qingdao,-46.19,168.86,54,89,13,100,CN,1604114358
Butaritari,-23.12,-134.97,76.15,63,0.98,0,KI,1604114343
Airai,-46.19,168.86,54,89,13,100,PW,1604114358
Tiksi,42.1,-79.24,35.01,86,9.17,90,RU,1604114151
Urumqi,-53.15,-70.92,48.2,76,6.93,75,CN,1604114352
Tortoli,-54.8,-68.3,48.2,76,16.11,75,IT,1604114348
Tiksi,-33.08,-68.47,60.8,36,11.48,0,RU,1604114549
Hasaki,38.42,-121.42,64.99,58,2.3,1,JP,1604114372
Zachagansk,-23.12,-134.97,76.15,63,0.98,0,KZ,1604114343
Taraz,-46.19,168.86,54,89,13,100,KZ,1604114358
Barentsburg,-23.12,-134.97,76.15,63,0.98,0,SJ,1604114343
Nikolskoye,-23.12,-134.97,76.15,63,0.98,0,RU,1604114343
Birjand,-46.19,168.86,54,89,13,100,IR,1604114358
Deputatskiy,-24.79,-50.01,51.76,93,10,100,RU,1604114364
Leningradskiy,-54.8,-68.3,48.2,76,16.11,75,RU,1604114348
Verkhnyaya Inta,42.1,-79.24,35.01,86,9.17,90,RU,1604114151
Hammerfest,-26.37,-70.05,54.73,39,2.13,0,NO,1604114555
Khatanga,-14.83,-64.9,70.14,57,4.47,36,RU,1604114441
Biak,-22.97,-42.03,71.29,81,26.82,100,ID,1604114356
Yudong,-54.8,-68.3,48.2,76,16.11,75,CN,1604114348
Belushya Guba,-54.8,-68.3,48.2,76,16.11,75,RU,1604114348
Dikson,-37.62,-73.65,51.3,90,12.88,3,RU,1604114346
Severo-Kurilsk,-9.8,-139.03,77.83,75,11.77,61,RU,1604114392
Mutsu,-22.97,-42.03,71.29,81,26.82,100,JP,1604114356
Khatanga,,,,,,,RU,
Belushya Guba,42.1,-79.24,35.01,86,9.17,90,RU,1604114151
Zabid,-46.19,168.86,54,89,13,100,YE,1604114358
Nerchinskiy Zavod,-9.8,-139.03,77.83,75,11.77,61,RU,1604114392
Buariki,-21.64,-41.05,72.55,96,1.19,100,KI,1604114372
Talnakh,-43.25,-65.31,61.95,31,10.13,0,RU,1604114544
Akyab,-21.2,-175.2,78.8,74,9.17,40,MM,1604114347
Cherskiy,-54.8,-68.3,48.2,76,16.11,75,RU,1604114348
Longyearbyen,-38,-57.56,53.01,81,6.93,0,SJ,1604114300
Bosaso,-21.21,-159.78,75.2,78,12.75,91,SO,1604114147
Ust-Nera,-23.12,-134.97,76.15,63,0.98,0,RU,1604114343
Bredy,-46.19,168.86,54,89,13,100,RU,1604114358
Severo-Kurilsk,-34.42,19.23,45,93,12.28,0,RU,1604114198
El Faiyum,-33.93,18.42,55.99,66,19.46,0,EG,1604114218
Hirado,-53.15,-70.92,48.2,76,6.93,75,JP,1604114352
Sosva,42.1,-79.24,35.01,86,9.17,90,RU,1604114151
Wanning,-46.19,168.86,54,89,13,100,CN,1604114358
Xianshuigu,-30.18,-50.21,63.23,69,9.71,76,CN,1604114458
Krasnoarmeysk,-24.79,-50.01,51.76,93,10,100,KZ,1604114364
Ostrovnoy,42.1,-79.24,35.01,86,9.17,90,RU,1604114151
Yirol,42.1,-79.24,35.01,86,9.17,90,SD,1604114151
Bjala,-21.21,-159.78,75.2,78,12.75,91,BG,1604114147
Khatanga,42.1,-79.24,35.01,86,9.17,90,RU,1604114151
Aswan,-20.46,-66.83,46.89,38,6.06,18,EG,1604114571
Russkiy Kameshkir,-16.48,-151.75,78.8,77,16.35,6,RU,1604114351
Longyearbyen,-23.12,-134.97,76.15,63,0.98,0,SJ,1604114343
Yuli,-34.42,19.23,45,93,12.28,0,TW,1604114198
Victoria,-23.12,-134.97,76.15,63,0.98,0,SC,1604114343
Zhangye,-6.98,-34.83,77,88,5.82,40,CN,1604114496
Zhangjiakou,-54.8,-68.3,48.2,76,16.11,75,CN,1604114348
Xiongzhou,42.1,-79.24,35.01,86,9.17,90,CN,1604114151
Dikson,18.73,-103.68,77.92,84,2.21,100,RU,1604114575
Sayat,-54.8,-68.3,48.2,76,16.11,75,TM,1604114348
Korla,-5.56,-80.82,64.58,81,12.48,99,CN,1604114458
Artyk,-23.12,-134.97,76.15,63,0.98,0,RU,1604114343
Longyearbyen,-21.21,-159.78,75.2,78,12.75,91,SJ,1604114147
Severo-Kurilsk,-54.8,-68.3,48.2,76,16.11,75,RU,1604114348
Tilichiki,-54.8,-68.3,48.2,76,16.11,75,RU,1604114348
Faya,-37.62,-73.65,51.3,90,12.88,3,TD,1604114346
Roald,-21.2,-175.2,78.8,74,9.17,40,NO,1604114347
Havoysund,-33.93,18.42,55.99,66,19.46,0,NO,1604114218
Berlevag,-9.8,-139.03,77.83,75,11.77,61,NO,1604114392
Hasaki,-9.8,-139.03,77.83,75,11.77,61,JP,1604114392
Goure,,,,,,,NE,
Agadez,-23.12,-134.97,76.15,63,0.98,0,NE,1604114343
Sur,-53.15,-70.92,48.2,76,6.93,75,OM,1604114352
Yazd,-21.64,-41.05,72.55,96,1.19,100,IR,1604114372
Sosnovka,-8.9,-35.15,77.14,86,10.47,100,RU,1604114584
Airai,-46.19,168.86,54,89,13,100,PW,1604114358
Leningradskiy,-21.2,-175.2,78.8,74,9.17,40,RU,1604114347
Nytva,-54.8,-68.3,48.2,76,16.11,75,RU,1604114348
Baneh,-53.15,-70.92,48.2,76,6.93,75,IR,1604114352
Lorengau,-5.2,-35.46,75.2,88,3.36,40,PG,1604114544
Beringovskiy,-21.2,-175.2,78.8,74,9.17,40,RU,1604114347
Ust-Maya,-0.74,-90.35,70,92,5.99,84,RU,1604114344
Kungurtug,,,,,,,RU,
Bassar,-23.12,-134.97,76.15,63,0.98,0,TG,1604114343
Sakakah,-38,-57.56,53.01,81,6.93,0,SA,1604114300
Ozernovskiy,-54.8,-68.3,48.2,76,16.11,75,RU,1604114348
Tiksi,-31.73,-55.98,54.45,91,9.35,99,RU,1604114510
Belushya Guba,-21.21,-159.78,75.2,78,12.75,91,RU,1604114147
Banda Aceh,-53.15,-70.92,48.2,76,6.93,75,ID,1604114352
Hasaki,-45.87,-67.5,59.05,38,7.52,0,JP,1604114437
Saskylakh,-22.97,-42.03,71.29,81,26.82,100,RU,1604114356
Dikson,-41.87,-73.82,51.8,76,8.05,0,RU,1604114510
Mandalgovi,-15.25,-68.17,63.99,80,1.1,85,MN,1604114593
Zhigansk,-54.8,-68.3,48.2,76,16.11,75,RU,1604114348
Vanimo,-7.84,-79.15,63.45,82,6.8,100,PG,1604114594
Thinadhoo,-23.12,-134.97,76.15,63,0.98,0,MV,1604114343
Barentsburg,-0.74,-90.35,70,92,5.99,84,SJ,1604114344
Vostok,-53.15,-70.92,48.2,76,6.93,75,RU,1604114352
Kavaratti,-17.71,-39.25,75.27,86,7.05,51,IN,1604114367
Safwah,-23.12,-134.97,76.15,63,0.98,0,SA,1604114343
Tumannyy,-54.8,-68.3,48.2,76,16.11,75,RU,1604114348
Da Nang,5.41,100.34,87.8,74,5.82,20,VN,1604114373
Esfahan,-46.19,168.86,54,89,13,100,IR,1604114358
Minna,-46.19,168.86,54,89,13,100,NG,1604114358
Pemangkat,-6.4,-48.55,74.66,90,0.92,100,ID,1604114580
Karpogory,-24.79,-50.01,51.76,93,10,100,RU,1604114364
Yerkoy,-53.15,-70.92,48.2,76,6.93,75,TR,1604114352
Bada,-21.2,-175.2,78.8,74,9.17,40,RU,1604114347
Veraval,-33.93,18.42,55.99,66,19.46,0,IN,1604114218
Kytmanovo,-21.21,-159.78,75.2,78,12.75,91,RU,1604114147
Lorengau,-46.19,168.86,54,89,13,100,PG,1604114358
Leningradskiy,-23.12,-134.97,76.15,63,0.98,0,RU,1604114343
Kiverion,42.1,-79.24,35.01,86,9.17,90,GR,1604114151
Zaysan,-39.81,-73.25,50,100,2.24,0,KZ,1604114604
Petropavlovka,-35.33,-72.42,57.52,70,7.2,0,RU,1604114422
Barawe,-6.84,-79.93,62.49,88,14.43,100,SO,1604114554
Raudeberg,-46.19,168.86,54,89,13,100,NO,1604114358
Aksarka,-46.19,168.86,54,89,13,100,RU,1604114358
Moron,42.1,-79.24,35.01,86,9.17,90,MN,1604114151
Turukhansk,-23.12,-134.97,76.15,63,0.98,0,RU,1604114343
Aleksandrovka,-22.97,-42.03,71.29,81,26.82,100,RU,1604114356
Severo-Kurilsk,-29.68,-53.81,60.8,77,10.29,40,RU,1604114608
Dikson,-0.74,-90.35,70,92,5.99,84,RU,1604114344
Shirokiy,-0.74,-90.35,70,92,5.99,84,RU,1604114344
Poronaysk,,,,,,,RU,
Saskylakh,-23.78,-45.36,67.41,89,3.31,100,RU,1604114610
Alugan,-22.97,-42.03,71.29,81,26.82,100,PH,1604114356
Vardo,-38,-57.56,53.01,81,6.93,0,NO,1604114300
Barentsburg,-46.19,168.86,54,89,13,100,SJ,1604114358
Butaritari,7.77,-72.22,68.07,91,1.74,98,KI,1604114443
Amderma,-34.42,19.23,45,93,12.28,0,RU,1604114198
Lorengau,-20.33,-40.29,75.2,94,5.82,90,PG,1604114475
Saskylakh,-21.2,-175.2,78.8,74,9.17,40,RU,1604114347
Butaritari,-32.03,-52.1,59,80,1.01,99,KI,1604114615
Komsomolskiy,-23.12,-134.97,76.15,63,0.98,0,RU,1604114343
Sofiysk,42.1,-79.24,35.01,86,9.17,90,RU,1604114151
Toyooka,-24.79,-50.01,51.76,93,10,100,JP,1604114364
Butaritari,-29.95,-71.34,53.6,87,5.82,90,KI,1604114483
Mecca,-54.8,-68.3,48.2,76,16.11,75,SA,1604114348
Bereda,-34.42,19.23,45,93,12.28,0,SO,1604114198
Chifeng,-53.15,-70.92,48.2,76,6.93,75,CN,1604114352
Batagay-Alyta,-38,-57.56,53.01,81,6.93,0,RU,1604114300
Kavaratti,-46.19,168.86,54,89,13,100,IN,1604114358
Nizwa,-23.12,-134.97,76.15,63,0.98,0,OM,1604114343
Kristiinankaupunki,,,,,,,FI,
Moron,-46.19,168.86,54,89,13,100,MN,1604114358
Marzuq,-54.8,-68.3,48.2,76,16.11,75,LY,1604114348
Obo,-17.57,-149.87,82.4,65,11.41,20,CF,1604114622
Korla,-33.93,18.42,55.99,66,19.46,0,CN,1604114218
Vardo,-54.8,-68.3,48.2,76,16.11,75,NO,1604114348
Pevek,-46.19,168.86,54,89,13,100,RU,1604114358
Xinzhou,-23.12,-134.97,76.15,63,0.98,0,CN,1604114343
Saskylakh,-23.12,-134.97,76.15,63,0.98,0,RU,1604114343
Groa,-46.19,168.86,54,89,13,100,NO,1604114358
Gat,-38.55,-58.74,51.01,74,7,0,LY,1604114625
Visnes,-20.33,-40.29,75.2,94,5.82,90,NO,1604114475
Salalah,-0.74,-90.35,70,92,5.99,84,OM,1604114344
Cherskiy,-46.19,168.86,54,89,13,100,RU,1604114358
Barentsburg,42.1,-79.24,35.01,86,9.17,90,SJ,1604114151
Podgornoye,-22.97,-42.03,71.29,81,26.82,100,RU,1604114356
Tamboesti,-54.8,-68.3,48.2,76,16.11,75,RO,1604114348
Longyearbyen,-23.12,-134.97,76.15,63,0.98,0,SJ,1604114343
Rumoi,-46.19,168.86,54,89,13,100,JP,1604114358
Smidovich,-17.5,-149.77,82.4,65,11.41,20,RU,1604114630
Bure,-5.56,-80.82,64.58,81,12.48,99,ET,1604114458
Deputatskiy,-6.22,-57.75,73.22,94,1.45,100,RU,1604114504
Nizhneyansk,-24.79,-50.01,51.76,93,10,100,RU,1604114364
Saskylakh,-33.7,-53.46,53.35,87,5.73,99,RU,1604114141
Surt,-46.19,168.86,54,89,13,100,LY,1604114358
Okha,-21.2,-175.2,78.8,74,9.17,40,RU,1604114347
Basco,-34.42,19.23,45,93,12.28,0,PH,1604114198
Silifke,-38,-57.56,53.01,81,6.93,0,TR,1604114300
Ugoofaaru,-54.8,-68.3,48.2,76,16.11,75,MV,1604114348
Hasaki,-45.58,-72.07,53.6,62,1.12,0,JP,1604114132
Teknaf,-29.95,-71.34,53.6,87,5.82,90,BD,1604114483
Kaka,-23.12,-134.97,76.15,63,0.98,0,TM,1604114343
Babanusah,-15.46,-55.75,78.8,69,3.36,0,SD,1604114637
Ola,-33.7,-53.46,53.35,87,5.73,99,RU,1604114141
Hasaki,-0.74,-90.35,70,92,5.99,84,JP,1604114344
Airai,-23.12,-134.97,76.15,63,0.98,0,PW,1604114343
Hobyo,-54.8,-68.3,48.2,76,16.11,75,SO,1604114348
Tura,-33.93,18.42,55.99,66,19.46,0,RU,1604114218
Agirish,-54.8,-68.3,48.2,76,16.11,75,RU,1604114348
Uray,-23.12,-134.97,76.15,63,0.98,0,RU,1604114343
Dikson,-24.79,-50.01,51.76,93,10,100,RU,1604114364
Kadykchan,-23.12,-134.97,76.15,63,0.98,0,RU,1604114343
Sulangan,-23.12,-134.97,76.15,63,0.98,0,PH,1604114343
Ust-Nera,-0.74,-90.35,70,92,5.99,84,RU,1604114344
Korostyshiv,-13.7,-76.22,64.4,82,2.24,90,UA,1604114331
Nizhneyansk,28.02,-97.52,57,66,5.82,20,RU,1604114644
Katghora,-33.93,18.42,55.99,66,19.46,0,IN,1604114218
Chulman,-0.74,-90.35,70,92,5.99,84,RU,1604114344
Nikolskoye,-46.19,168.86,54,89,13,100,RU,1604114358
Dikson,-9.8,-139.03,77.83,75,11.77,61,RU,1604114392
Sentyabrskiy,-53.15,-70.92,48.2,76,6.93,75,RU,1604114352
Obluche,40.59,23.03,57.2,58,9.17,0,RU,1604114647
Wagar,-23.12,-134.97,76.15,63,0.98,0,SD,1604114343
Aksarka,-54.8,-68.3,48.2,76,16.11,75,RU,1604114348
Abu Samrah,-23.12,-134.97,76.15,63,0.98,0,QA,1604114343
Rudnogorsk,-9.8,-139.03,77.83,75,11.77,61,RU,1604114392
Voloshka,-0.74,-90.35,70,92,5.99,84,RU,1604114344
Victoria,-14.52,-49.14,72.73,86,3,100,SC,1604114650
Tarakan,-16.48,-151.75,78.8,77,16.35,6,ID,1604114351
Udachnyy,-33.93,18.42,55.99,66,19.46,0,RU,1604114218
Barentsburg,-21.21,-159.78,75.2,78,12.75,91,SJ,1604114147
Butaritari,-53.15,-70.92,48.2,76,6.93,75,KI,1604114352
Amderma,-34.42,19.23,45,93,12.28,0,RU,1604114198
Kalevala,42.1,-79.24,35.01,86,9.17,90,RU,1604114151
Rapina,-23.12,-134.97,76.15,63,0.98,0,EE,1604114343
Hirara,-23.12,-134.97,76.15,63,0.98,0,JP,1604114343
Hami,,,,,,,CN,
Narasannapeta,-16.48,-151.75,78.8,77,16.35,6,IN,1604114351
Butaritari,-54.8,-68.3,48.2,76,16.11,75,KI,1604114348
Ishigaki,-46.19,168.86,54,89,13,100,JP,1604114358
Deputatskiy,-46.19,168.86,54,89,13,100,RU,1604114358
Coihaique,-20.32,118.57,95,26,6.93,0,CL,1604114125
Rikitea,-42.78,147.06,73,38,5.01,11,PF,1604114142
Mar Del Plata,,,,,,,AR,
Puerto Ayora,,,,,,,EC,
Rikitea,-37.83,140.77,55.4,76,16.11,90,PF,1604114102
Lebu,-20.41,57.7,69.8,56,14.99,20,CL,1604114188
Avera,-20.32,118.57,95,26,6.93,0,PF,1604114125
Mar Del Plata,,,,,,,AR,
Vaini,-46.6,168.33,54,89,13,100,TO,1604114145
Boca Do Acre,-33.92,25.57,51.8,81,5.82,20,BR,1604113935
Ushuaia,-25.24,130.99,77,15,11.41,1,AR,1604114191
Rikitea,-33.65,115.33,69.21,66,9.51,100,PF,1604114138
Chuy,-20.34,57.76,70,56,14.99,20,UY,1604114192
Puerto Ayora,-8.62,122.21,86.4,62,3,61,EC,1604114140
Avarua,-9.43,159.95,87.8,70,9.17,20,CK,1604114189
Ushuaia,-15.2,12.15,72.63,81,6.89,74,AR,1604113917
Faanui,,,,,,,PF,
Jamestown,-42.72,170.97,58.59,96,10.16,100,SH,1604114194
Punta Arenas,-14.88,47.99,74.25,51,13.18,85,CL,1604114195
Rikitea,-0.6,73.08,83.79,73,9.89,100,PF,1604114161
Punta Arenas,-33.65,115.33,69.21,66,9.51,100,CL,1604114138
Ushuaia,-35.35,150.47,63,100,8.05,90,AR,1604114197
Ushuaia,-42.88,147.33,73,48,13.87,20,AR,1604114197
Rikitea,-20.41,57.7,69.8,56,14.99,20,PF,1604114188
Rikitea,-34.42,19.23,45,93,12.28,0,PF,1604114198
Punta Arenas,-33.65,115.33,69.21,66,9.51,100,CL,1604114138
Arraial Do Cabo,-34.53,20.04,50,76,2.37,22,BR,1604114152
Cape Town,-14.27,50.17,70.81,78,14.09,77,ZA,1604113919
Mataura,-45.87,170.5,55.99,87,1.99,100,PF,1604113934
Rikitea,-33.65,115.33,69.21,66,9.51,100,PF,1604114138
Samusu,-45.42,167.72,55.9,87,3.83,100,WS,1604114191
Mataura,-33.65,115.33,69.21,66,9.51,100,PF,1604114138
Punta Arenas,-34.53,20.04,50,76,2.37,22,CL,1604114152
Vaini,-42.88,147.33,73,48,13.87,20,TO,1604114197
Pimenta Bueno,-33.59,26.89,60.01,65,3.69,89,BR,1604114203
Lebu,-42.78,147.06,73,38,5.01,11,CL,1604114142
Vaini,-33.92,25.57,51.8,81,5.82,20,TO,1604113935
Ushuaia,-34.73,135.87,60.96,69,13.73,55,AR,1604114205
Ushuaia,-34.42,19.23,45,93,12.28,0,AR,1604114198
Satitoa,-42.88,147.33,73,48,13.87,20,WS,1604114197
Castro,-22.67,167.48,74.44,87,14.2,46,CL,1604114189
Puerto Ayora,-45.42,167.72,55.9,87,3.83,100,EC,1604114191
Jamestown,,,,,,,SH,
Ushuaia,-28.77,114.6,71.6,68,13.87,90,AR,1604114208
Paragominas,-21.36,55.77,68,64,9.17,40,BR,1604114141
Caravelas,-42.88,147.33,73,48,13.87,20,BR,1604114197
Rikitea,-20.34,57.76,70,56,14.99,20,PF,1604114192
Mar Del Plata,-33.65,115.33,69.21,66,9.51,100,AR,1604114138
Punta Arenas,-34.42,19.23,45,93,12.28,0,CL,1604114198
Sullana,-34,24.73,48.99,94,2.75,0,PE,1604114195
Rikitea,-37.02,175.85,69.01,85,4,54,PF,1604114212
Rikitea,-46.13,167.68,54,89,13,100,PF,1604114212
Vaini,-42.88,147.33,73,48,13.87,20,TO,1604114197
Punta Arenas,42.6,-73.97,33.01,88,3.15,72,CL,1604114213
Samusu,6.12,81.12,81.75,71,5.53,94,WS,1604114214
Laguna,-19.57,18.12,70.25,57,10.02,97,BR,1604114060
Sao Joao Da Barra,-33.65,115.33,69.21,66,9.51,100,BR,1604114138
Rikitea,-15.2,12.15,72.63,81,6.89,74,PF,1604113917
Georgetown,-21.15,55.28,68,64,9.17,40,SH,1604114216
Ushuaia,-42.88,147.33,73,48,13.87,20,AR,1604114197
Chuy,-46.6,168.33,54,89,13,100,UY,1604114145
Punta Arenas,-42.88,147.33,73,48,13.87,20,CL,1604114197
Jamestown,-33.59,26.89,60.01,65,3.69,89,SH,1604114203
Mar Del Plata,-19.17,46.73,51.94,62,5.37,0,AR,1604114219
Lebu,-21.36,55.77,68,64,9.17,40,CL,1604114141
Mataura,-33.92,25.57,51.8,81,5.82,20,PF,1604113935
Rikitea,-34,24.73,48.99,94,2.75,0,PF,1604114195
Puerto Ayora,-33.59,26.89,60.01,65,3.69,89,EC,1604114203
Ushuaia,-33.65,115.33,69.21,66,9.51,100,AR,1604114138
Punta Arenas,51.03,-4.22,57,90,13,100,CL,1604113946
Rikitea,-34.53,20.04,50,76,2.37,22,PF,1604114152
Rikitea,-20.41,57.7,69.8,56,14.99,20,PF,1604114188
Punta Arenas,42.6,-73.97,33.01,88,3.15,72,CL,1604114213
Pisco,-1.4,120.75,89.38,54,3.85,57,PE,1604114224
Punta Arenas,-33.65,115.33,69.21,66,9.51,100,CL,1604114138
Pisco,,,,,,,PE,
Chuy,-33.87,121.9,82.4,24,21.92,0,UY,1604114168
Ushuaia,-42.88,147.33,73,48,13.87,20,AR,1604114197
Punta Arenas,-42.88,147.33,73,48,13.87,20,CL,1604114197
Rikitea,-23.7,133.88,77,17,6.93,0,PF,1604114227
Georgetown,-37.83,140.77,55.4,76,16.11,90,SH,1604114102
Ushuaia,-6.87,109.04,84.74,65,3.11,94,AR,1604114228
Mataura,-25.24,130.99,77,15,11.41,1,PF,1604114191
Samusu,-33.65,115.33,69.21,66,9.51,100,WS,1604114138
Piacabucu,-20.34,57.76,70,56,14.99,20,BR,1604114192
Leopoldina,42.6,-73.97,33.01,88,3.15,72,BR,1604114213
Olinda,-45.42,167.72,55.9,87,3.83,100,BR,1604114191
Faanui,-0.88,131.25,87.4,69,13.27,97,PF,1604114231
Rikitea,,,,,,,PF,
Novo Aripuana,-20.52,57.52,69.8,56,14.99,20,BR,1604114232
Cape Town,-15.77,128.73,98.6,30,5.82,94,ZA,1604114146
Georgetown,-20.34,57.76,70,56,14.99,20,SH,1604114192
Rikitea,-33.59,26.89,60.01,65,3.69,89,PF,1604114203
Jamestown,-46.6,168.33,54,89,13,100,SH,1604114145
Atuona,-34.73,135.87,60.96,69,13.73,55,PF,1604114205
Ushuaia,-46.6,168.33,54,89,13,100,AR,1604114145
Ushuaia,-10.16,32.63,58.23,82,0.92,3,AR,1604114236
Avarua,22.29,114.16,75.99,63,3,45,CK,1604114152
General Roca,-33.65,115.33,69.21,66,9.51,100,AR,1604114138
Atuona,-33.01,17.94,50,76,6.93,0,PF,1604114147
Mataura,-33.59,26.89,60.01,65,3.69,89,PF,1604114203
Lebu,-1.57,9.26,76.77,90,5.84,100,CL,1604114228
Avarua,-42.78,147.06,73,38,5.01,11,CK,1604114142
Mataura,-20.34,57.76,70,56,14.99,20,PF,1604114192
Atuona,,,,,,,PF,
Iquique,-33.59,26.89,60.01,65,3.69,89,CL,1604114203
Vaini,42.08,-72.03,27,97,3.69,0,TO,1604114241
Ushuaia,-15.77,128.73,98.6,30,5.82,94,AR,1604114146
Arraial Do Cabo,42.6,-73.97,33.01,88,3.15,72,BR,1604114213
Neuquen,-4.13,37.95,67.21,85,0.18,47,AR,1604114243
Mataura,-42.78,147.06,73,38,5.01,11,PF,1604114142
Arraial Do Cabo,42.6,-73.97,33.01,88,3.15,72,BR,1604114213
Ushuaia,,,,,,,AR,
Rikitea,-33.92,25.57,51.8,81,5.82,20,PF,1604113935
Rikitea,-35.72,150.18,61,100,4,100,PF,1604114186
Mataura,42.6,-73.97,33.01,88,3.15,72,PF,1604114213
Rikitea,-33.02,27.91,57.2,93,5.82,75,PF,1604114246
Rikitea,,,,,,,PF,
Mataura,-3.8,102.27,83.14,69,3.04,86,PF,1604114247
Rikitea,-34.42,19.23,45,93,12.28,0,PF,1604114198
Ushuaia,-33.65,115.33,69.21,66,9.51,100,AR,1604114138
Ushuaia,42.6,-73.97,33.01,88,3.15,72,AR,1604114213
Rikitea,,,,,,,PF,
Rikitea,,,,,,,PF,
Vaini,-46.28,169.85,57,88,8.99,100,TO,1604114251
Rikitea,-42.78,147.06,73,38,5.01,11,PF,1604114142
Jamestown,-20.74,116.85,87.31,43,12.3,0,SH,1604114191
Avarua,-33.01,17.94,50,76,6.93,0,CK,1604114147
Jamestown,-31.95,141.43,62.6,67,16.11,90,SH,1604114253
Castro,-25.17,45.05,63.63,70,10.78,0,CL,1604114202
Castro,-46.6,168.33,54,89,13,100,CL,1604114145
Mataura,-33.93,18.42,55.99,66,19.46,0,PF,1604114218
Ushuaia,42.25,-75.83,30.2,80,2.21,90,AR,1604114255
Punta Arenas,42.6,-73.97,33.01,88,3.15,72,CL,1604114213
Potosi,42.6,-73.97,33.01,88,3.15,72,BO,1604114213
Rikitea,-31.43,152.92,84.99,55,1.99,12,PF,1604114256
Vaini,22.29,114.16,75.99,63,3,45,TO,1604114152
Mataura,-10.45,161.92,82.94,70,3.65,78,PF,1604114177
Alofi,-3.8,102.27,83.14,69,3.04,86,NU,1604114247
Atuona,-33.65,115.33,69.21,66,9.51,100,PF,1604114138
Avarua,,,,,,,CK,
Mataura,-10.17,123.58,90.84,50,7.27,30,PF,1604114174
Rikitea,-22.12,14.28,53.01,89,6.08,66,PF,1604114260
Ushuaia,-24.87,113.63,77,65,13.33,79,AR,1604114260
Ushuaia,-26.65,15.16,58.64,61,25.68,100,AR,1604114156
Mataura,-22.42,27.4,71.6,68,11.41,0,PF,1604114262
Tamandare,42.6,-73.97,33.01,88,3.15,72,BR,1604114213
Hihifo,42.6,-73.97,33.01,88,3.15,72,TO,1604114213
Ushuaia,-34.42,19.23,45,93,12.28,0,AR,1604114198
Vaini,42.6,-73.97,33.01,88,3.15,72,TO,1604114213
Aracati,-33.93,18.42,55.99,66,19.46,0,BR,1604114218
Constitucion,42.6,-73.97,33.01,88,3.15,72,CL,1604114213
Luderitz,-26.72,27.1,64.02,62,9.1,58,NA,1604114265
Mataura,-46.6,168.33,54,89,13,100,PF,1604114145
Rikitea,-42.88,147.33,73,48,13.87,20,PF,1604114197
Georgetown,,,,,,,SH,
Rikitea,-33.65,115.33,69.21,66,9.51,100,PF,1604114138
Rikitea,-42.78,147.06,73,38,5.01,11,PF,1604114142
Punta Arenas,39.2,-84.43,39.99,93,4.18,1,CL,1604114268
Vaini,-20.41,57.7,69.8,56,14.99,20,TO,1604114188
Vaini,-34,24.73,48.99,94,2.75,0,TO,1604114195
Rikitea,38.58,-90.41,46,75,8.05,1,PF,1604114270
Ushuaia,-33.59,26.89,60.01,65,3.69,89,AR,1604114203
Ushuaia,-16.1,46.63,71.6,46,9.17,20,AR,1604114271
Vaini,-34.53,20.04,50,76,2.37,22,TO,1604114152
Marcona,42.6,-73.97,33.01,88,3.15,72,PE,1604114213
Arraial Do Cabo,-17.47,16.33,75.2,64,12.75,89,BR,1604114273
Rikitea,-19.98,57.61,70,56,10,0,PF,1604114273
Ushuaia,5.95,80.54,82.96,71,7.83,92,AR,1604114274
Rawson,-42.88,147.33,73,48,13.87,20,AR,1604114197
Laguna,-34.53,20.04,50,76,2.37,22,BR,1604114152
Puerto Ayora,-20.73,139.5,86,13,6.93,0,EC,1604114275
Jamestown,42.6,-73.97,33.01,88,3.15,72,SH,1604114213
Ushuaia,-46.6,168.33,54,89,13,100,AR,1604114145
Punta Arenas,-45.42,167.72,55.9,87,3.83,100,CL,1604114191
Puerto Ayora,-28.55,16.43,55.62,84,15.95,0,EC,1604114277
Rikitea,-25.24,130.99,77,15,11.41,1,PF,1604114191
Georgetown,-46.6,168.33,54,89,13,100,SH,1604114145
Ushuaia,42.6,-73.97,33.01,88,3.15,72,AR,1604114213
Comodoro Rivadavia,-3.8,102.27,83.14,69,3.04,86,AR,1604114247
Punta Arenas,-25.24,130.99,77,15,11.41,1,CL,1604114191
Ushuaia,42.6,-73.97,33.01,88,3.15,72,AR,1604114213
Punta Arenas,-33.92,25.57,51.8,81,5.82,20,CL,1604113935
Mataura,-23.86,35.38,74.44,74,13.22,95,PF,1604114281
Punta Arenas,-19.55,169.27,80.6,78,6.93,75,CL,1604114282
Rikitea,-33.93,18.42,55.99,66,19.46,0,PF,1604114218
Hermanus,-33.65,115.33,69.21,66,9.51,100,ZA,1604114138
Lincoln,-28.78,32.04,65.93,85,10.74,80,AR,1604114284
Avarua,-33.02,27.91,57.2,93,5.82,75,CK,1604114246
Ushuaia,42.6,-73.97,33.01,88,3.15,72,AR,1604114213
Atuona,-46.6,168.33,54,89,13,100,PF,1604114145
San Cristobal,-34.53,20.04,50,76,2.37,22,EC,1604114152
Punta Arenas,-33.65,115.33,69.21,66,9.51,100,CL,1604114138
Sao Joao Da Barra,42.6,-73.97,33.01,88,3.15,72,BR,1604114213
Rikitea,-33.65,115.33,69.21,66,9.51,100,PF,1604114138
Mataura,-46.28,169.85,57,88,8.99,100,PF,1604114251
Georgetown,-33.93,18.42,55.99,66,19.46,0,SH,1604114218
Vaini,-23.7,133.88,77,17,6.93,0,TO,1604114227
Punta Arenas,42.25,-75.83,30.2,80,2.21,90,CL,1604114255
Pocone,-34.42,19.23,45,93,12.28,0,BR,1604114198
Rikitea,-21.36,55.77,68,64,9.17,40,PF,1604114141
Vaini,-15.2,12.15,72.63,81,6.89,74,TO,1604113917
Punta Arenas,42.6,-73.97,33.01,88,3.15,72,CL,1604114213
Rikitea,-42.78,147.06,73,38,5.01,11,PF,1604114142
Vaini,,,,,,,TO,
Alta Floresta,-33.02,27.91,57.2,93,5.82,75,BR,1604114246
Pitimbu,-34.53,20.04,50,76,2.37,22,BR,1604114152
Santa Rosa,42.25,-75.83,30.2,80,2.21,90,AR,1604114255
Lebu,-33.65,115.33,69.21,66,9.51,100,CL,1604114138
Rikitea,-33.87,121.9,82.4,24,21.92,0,PF,1604114168
Avarua,-3.8,102.27,83.14,69,3.04,86,CK,1604114247
Punta Arenas,-34.42,19.23,45,93,12.28,0,CL,1604114198
Punta Arenas,,,,,,,CL,
Arraial Do Cabo,-34.53,20.04,50,76,2.37,22,BR,1604114152
Punta Arenas,,,,,,,CL,
Marcona,-42.88,147.33,73,48,13.87,20,PE,1604114197
Mataura,22.29,114.16,75.99,63,3,45,PF,1604114152
Presidencia Roque Saenz Pena,-42.88,147.33,73,48,13.87,20,AR,1604114197
Sataua,42.1,-79.24,35.01,86,9.17,90,WS,1604114151
Cidreira,-8.47,140.33,86.94,62,14.58,1,BR,1604114063
Avarua,-46.6,168.33,54,89,13,100,CK,1604114145
Faanui,-45.87,170.5,55.99,87,1.99,100,PF,1604113934
Cape Town,-33.02,27.91,57.2,93,5.82,75,ZA,1604114246
Arraial Do Cabo,-34,24.73,48.99,94,2.75,0,BR,1604114195
Villazon,-20.41,57.7,69.8,56,14.99,20,BO,1604114188
Hermanus,-46.28,169.85,57,88,8.99,100,ZA,1604114251
Mataura,-8.57,32.05,63.43,67,6.44,73,PF,1604114304
Curaca,-2.95,25.95,69.13,97,1.39,100,BR,1604114305
Samusu,42.6,-73.97,33.01,88,3.15,72,WS,1604114213
Vaini,-20.41,57.7,69.8,56,14.99,20,TO,1604114188
Jamestown,-22.67,167.48,74.44,87,14.2,46,SH,1604114189
Samusu,-27.55,152.28,84.2,62,10.29,75,WS,1604114307
Arraial Do Cabo,-33.59,26.89,60.01,65,3.69,89,BR,1604114203
Coihaique,-2.88,108.27,84.45,71,1.05,76,CL,1604114308
Formoso Do Araguaia,42.6,-73.97,33.01,88,3.15,72,BR,1604114213
Cape Town,-37.83,140.77,55.4,76,16.11,90,ZA,1604114102
Avarua,,,,,,,CK,
San Cristobal,-23.94,31.14,66.2,100,11.41,83,EC,1604114310
Halalo,42.6,-73.97,33.01,88,3.15,72,WF,1604114213
Mar Del Plata,-46.6,168.33,54,89,13,100,AR,1604114145
Ushuaia,-33.87,151.21,72,87,26.4,75,AR,1604114282
Ushuaia,-15.2,12.15,72.63,81,6.89,74,AR,1604113917
Puerto Ayora,-3.8,102.27,83.14,69,3.04,86,EC,1604114247
Rikitea,-42.88,147.33,73,48,13.87,20,PF,1604114197
Ushuaia,,,,,,,AR,
Cape Town,,,,,,,ZA,
Ushuaia,-21.37,55.62,68,64,9.17,40,AR,1604114315
San Carlos De Bariloche,42.6,-73.97,33.01,88,3.15,72,AR,1604114213
Sao Joao Da Barra,-42.88,147.33,73,48,13.87,20,BR,1604114197
Chuy,-26.65,15.16,58.64,61,25.68,100,UY,1604114156
Rocha,-29.47,149.85,80.6,18,19.82,1,UY,1604114317
Punta Arenas,-24.83,16.98,62.74,34,7.27,100,CL,1604114317
Belmonte,-0.6,73.08,83.79,73,9.89,100,BR,1604114161
Vila Velha,-34.42,19.23,45,93,12.28,0,BR,1604114198
Punta Arenas,-2.57,150.8,83.53,72,5.97,100,CL,1604114319
Atuona,-34.53,20.04,50,76,2.37,22,PF,1604114152
Ushuaia,-33.65,115.33,69.21,66,9.51,100,AR,1604114138
Punta Arenas,-33.59,26.89,60.01,65,3.69,89,CL,1604114203
Faanui,-33.59,26.89,60.01,65,3.69,89,PF,1604114203
Avarua,-1.13,12.47,70.54,95,0.98,68,CK,1604114321
Rikitea,-21.43,47.08,51.69,87,8.12,88,PF,1604114322
Mar Del Plata,-0.6,73.08,83.79,73,9.89,100,AR,1604114161
Rikitea,-42.88,147.33,73,48,13.87,20,PF,1604114197
Mataura,-20.34,57.76,70,56,14.99,20,PF,1604114192
Laguna,-35.35,150.47,63,100,8.05,90,BR,1604114197
Rikitea,-0.6,73.08,83.79,73,9.89,100,PF,1604114161
Avarua,-13.73,15.07,61.29,91,1.68,98,CK,1604114325
Atuona,-42.88,147.33,73,48,13.87,20,PF,1604114197
Rikitea,-33.02,27.91,57.2,93,5.82,75,PF,1604114246
Puerto Ayora,-33.65,115.33,69.21,66,9.51,100,EC,1604114138
Rawson,-46.28,169.85,57,88,8.99,100,AR,1604114251
Rikitea,-24.85,152.35,84.2,54,24.16,40,PF,1604114328
Mataura,-45.42,167.72,55.9,87,3.83,100,PF,1604114191
Hermanus,-33.65,115.33,69.21,66,9.51,100,ZA,1604114138
Rikitea,-20.23,164.02,79.02,76,19.89,99,PF,1604114188
Rikitea,42.6,-73.97,33.01,88,3.15,72,PF,1604114213
Bequimao,-20.73,139.5,86,13,6.93,0,BR,1604114275
Atuona,-34.42,19.23,45,93,12.28,0,PF,1604114198
Rikitea,-26.65,15.16,58.64,61,25.68,100,PF,1604114156
Samusu,,,,,,,WS,
Alem Paraiba,-42.88,147.33,73,48,13.87,20,BR,1604114197
Punta Arenas,-20.28,44.28,75.22,49,11.56,0,CL,1604114333
Avarua,-9.2,25.85,68.94,93,2.42,68,CK,1604114333
Puerto Ayora,-34.42,19.23,45,93,12.28,0,EC,1604114198
Rikitea,-26.65,15.16,58.64,61,25.68,100,PF,1604114156
Ushuaia,45.52,-122.68,52,77,5.61,10,AR,1604113532
Terra Santa,-46.6,168.33,54,89,13,100,BR,1604114145
Rikitea,-0.6,73.08,83.79,73,9.89,100,PF,1604114161
Ushuaia,-20.74,116.85,87.31,43,12.3,0,AR,1604114191
Vaini,46.43,26.4,42.01,97,3.94,100,TO,1604114140
Ushuaia,-2.57,150.8,83.53,72,5.97,100,AR,1604114319
Punta Arenas,-33.01,17.94,50,76,6.93,0,CL,1604114147
Olinda,-33.65,115.33,69.21,66,9.51,100,BR,1604114138
Paita,-33.93,18.42,55.99,66,19.46,0,PE,1604114218
Viedma,-8.19,114.97,77,82,5.26,100,AR,1604114340
San Pedro,42.6,-73.97,33.01,88,3.15,72,AR,1604114213
Xambioa,-34.53,20.04,50,76,2.37,22,BR,1604114152
Avarua,-24.87,113.63,77,65,13.33,79,CK,1604114260
Punta Arenas,-22.12,14.28,53.01,89,6.08,66,CL,1604114260
Mataura,-34.42,19.23,45,93,12.28,0,PF,1604114198
Avarua,-45.58,-72.07,53.6,62,1.12,0,CK,1604114132
Ushuaia,-23.12,-134.97,76.15,63,0.98,0,AR,1604114343
Atuona,-38,-57.56,53.01,81,6.93,0,PF,1604114300
Rikitea,-0.74,-90.35,70,92,5.99,84,PF,1604114344
Cidreira,-23.12,-134.97,76.15,63,0.98,0,BR,1604114343
Ushuaia,-37.62,-73.65,51.3,90,12.88,3,AR,1604114346
Puerto Ayora,33.19,-82.53,55.99,87,4.7,1,EC,1604114346
Rikitea,-38,-57.56,53.01,81,6.93,0,PF,1604114300
Jamestown,-21.2,-175.2,78.8,74,9.17,40,SH,1604114347
Rikitea,-8.75,-67.4,71.94,97,3.38,78,PF,1604114348
Paita,-54.8,-68.3,48.2,76,16.11,75,PE,1604114348
Ushuaia,-23.12,-134.97,76.15,63,0.98,0,AR,1604114343
Jamestown,-33.7,-53.46,53.35,87,5.73,99,SH,1604114141
Pisco,-0.74,-90.35,70,92,5.99,84,PE,1604114344
Avarua,-21.21,-159.78,75.2,78,12.75,91,CK,1604114147
Jamestown,-54.8,-68.3,48.2,76,16.11,75,SH,1604114348
Mataura,-16.48,-151.75,78.8,77,16.35,6,PF,1604114351
Filadelfia,42.1,-79.24,35.01,86,9.17,90,PY,1604114151
Rikitea,-53.15,-70.92,48.2,76,6.93,75,PF,1604114352
Castro,-23.12,-134.97,76.15,63,0.98,0,CL,1604114343
Vaini,-53.15,-70.92,48.2,76,6.93,75,TO,1604114352
Rikitea,-54.8,-68.3,48.2,76,16.11,75,PF,1604114348
Halalo,-54.8,-68.3,48.2,76,16.11,75,WF,1604114348
Rikitea,-23.12,-134.97,76.15,63,0.98,0,PF,1604114343
Caravelas,-23.12,-134.97,76.15,63,0.98,0,BR,1604114343
Martinho Campos,-53.15,-70.92,48.2,76,6.93,75,BR,1604114352
Mataura,-22.97,-42.03,71.29,81,26.82,100,PF,1604114356
Jamestown,-33.93,18.42,55.99,66,19.46,0,SH,1604114218
Rikitea,-46.19,168.86,54,89,13,100,PF,1604114358
Conde,-23.12,-134.97,76.15,63,0.98,0,BR,1604114343
Alofi,,,,,,,NU,
Vaini,-46.19,168.86,54,89,13,100,TO,1604114358
Vallenar,-53.15,-70.92,48.2,76,6.93,75,CL,1604114352
Mataura,-21.2,-175.2,78.8,74,9.17,40,PF,1604114347
Rocha,-11.67,-61.19,73.35,96,3.94,100,UY,1604114361
Coreau,-37.62,-73.65,51.3,90,12.88,3,BR,1604114346
Punta Arenas,-21.2,-175.2,78.8,74,9.17,40,CL,1604114347
Humberto De Campos,-54.8,-68.3,48.2,76,16.11,75,BR,1604114348
Rikitea,-54.8,-68.3,48.2,76,16.11,75,PF,1604114348
Arraial Do Cabo,,,,,,,BR,
Mar Del Plata,-24.79,-50.01,51.76,93,10,100,AR,1604114364
Mataura,-0.74,-90.35,70,92,5.99,84,PF,1604114344
Puerto Ayora,42.1,-79.24,35.01,86,9.17,90,EC,1604114151
Punta Arenas,-54.8,-68.3,48.2,76,16.11,75,CL,1604114348
Mataura,-2.97,-47.48,75.22,79,2.89,44,PF,1604114366
Rawson,-17.71,-39.25,75.27,86,7.05,51,AR,1604114367
Samalaeulu,-23.12,-134.97,76.15,63,0.98,0,WS,1604114343
Atuona,-38,-57.56,53.01,81,6.93,0,PF,1604114300
Rikitea,-53.15,-70.92,48.2,76,6.93,75,PF,1604114352
Arraial Do Cabo,-4.9,-80.69,65.53,77,8.19,100,BR,1604114074
Rikitea,-23.12,-134.97,76.15,63,0.98,0,PF,1604114343
Punta Arenas,-23.12,-134.97,76.15,63,0.98,0,CL,1604114343
Ushuaia,-21.2,-175.2,78.8,74,9.17,40,AR,1604114347
Ushuaia,-53.15,-70.92,48.2,76,6.93,75,AR,1604114352
Mataura,,,,,,,PF,
Ancud,38.42,-121.42,64.99,58,2.3,1,CL,1604114372
Ushuaia,-21.64,-41.05,72.55,96,1.19,100,AR,1604114372
Puerto Ayora,-23.12,-134.97,76.15,63,0.98,0,EC,1604114343
Maceio,5.41,100.34,87.8,74,5.82,20,BR,1604114373
Japura,-54.8,-68.3,48.2,76,16.11,75,BR,1604114348
Atuona,-33.7,-53.46,53.35,87,5.73,99,PF,1604114141
Vaini,-53.15,-70.92,48.2,76,6.93,75,TO,1604114352
Arraial Do Cabo,42.1,-79.24,35.01,86,9.17,90,BR,1604114151
Rikitea,-38,-57.56,53.01,81,6.93,0,PF,1604114300
Cape Town,-37.62,-73.65,51.3,90,12.88,3,ZA,1604114346
Cape Town,-46.19,168.86,54,89,13,100,ZA,1604114358
Vaini,-23.12,-134.97,76.15,63,0.98,0,TO,1604114343
Castro,-0.74,-90.35,70,92,5.99,84,CL,1604114344
Rikitea,-54.8,-68.3,48.2,76,16.11,75,PF,1604114348
Santiago De Cao,-53.15,-70.92,48.2,76,6.93,75,PE,1604114352
Punta Arenas,-23.12,-134.97,76.15,63,0.98,0,CL,1604114343
Sao Joao Da Barra,-23.12,-134.97,76.15,63,0.98,0,BR,1604114343
Punta Arenas,-53.15,-70.92,48.2,76,6.93,75,CL,1604114352
Punta Arenas,-13.7,-76.22,64.4,82,2.24,90,CL,1604114331
Rikitea,-53.15,-70.92,48.2,76,6.93,75,PF,1604114352
Cape Town,-13.7,-76.22,64.4,82,2.24,90,ZA,1604114331
Puerto Madryn,-33.7,-53.46,53.35,87,5.73,99,AR,1604114141
Avarua,-54.8,-68.3,48.2,76,16.11,75,CK,1604114348
Georgetown,-53.15,-70.92,48.2,76,6.93,75,SH,1604114352
Rawson,-23.12,-134.97,76.15,63,0.98,0,AR,1604114343
Castro,5.41,100.34,87.8,74,5.82,20,CL,1604114373
Mar Del Plata,-54.8,-68.3,48.2,76,16.11,75,AR,1604114348
Avarua,-46.19,168.86,54,89,13,100,CK,1604114358
Touros,,,,,,,BR,
Atuona,-10.41,-36.43,76.57,86,11.81,88,PF,1604114387
Goya,-21.53,-42.64,66.99,99,3,100,AR,1604114387
Mataura,-8.01,-34.86,80.6,78,9.17,40,PF,1604114388
Samusu,-16.48,-151.75,78.8,77,16.35,6,WS,1604114351
Mataura,-23.12,-134.97,76.15,63,0.98,0,PF,1604114343
Rikitea,-5.12,-60.38,75.47,87,1.92,98,PF,1604114390
Mataura,-33.93,18.42,55.99,66,19.46,0,PF,1604114218
Jamestown,5.41,100.34,87.8,74,5.82,20,SH,1604114373
Punta Arenas,-23.12,-134.97,76.15,63,0.98,0,CL,1604114343
Ushuaia,42.1,-79.24,35.01,86,9.17,90,AR,1604114151
San Martin,-9.8,-139.03,77.83,75,11.77,61,AR,1604114392
Laguna,-54.8,-68.3,48.2,76,16.11,75,BR,1604114348
Rikitea,-54.8,-68.3,48.2,76,16.11,75,PF,1604114348
Mataura,-21.21,-159.78,75.2,78,12.75,91,PF,1604114147
Rikitea,-39.03,-67.58,68,30,5.82,0,PF,1604114394
Rikitea,-9.8,-139.03,77.83,75,11.77,61,PF,1604114392
Mataura,-46.19,168.86,54,89,13,100,PF,1604114358
Castro,-37.62,-73.65,51.3,90,12.88,3,CL,1604114346
Ushuaia,-21.21,-159.78,75.2,78,12.75,91,AR,1604114147
Jamestown,-46.19,168.86,54,89,13,100,SH,1604114358
Diego De Almagro,-9.8,-139.03,77.83,75,11.77,61,CL,1604114392
Trinidad,-20.22,-70.14,62.6,77,10.29,40,BO,1604114138
Arraial Do Cabo,-21.2,-175.2,78.8,74,9.17,40,BR,1604114347
Ushuaia,-54.8,-68.3,48.2,76,16.11,75,AR,1604114348
Ushuaia,-22.97,-42.03,71.29,81,26.82,100,AR,1604114356
Lebu,-38.95,-68.06,68,30,5.82,0,CL,1604114400
Atuona,-46.19,168.86,54,89,13,100,PF,1604114358
Arraial Do Cabo,-22.97,-42.03,71.29,81,26.82,100,BR,1604114356
Doctor Pedro P. Pena,-54.8,-68.3,48.2,76,16.11,75,PY,1604114348
Jamestown,-23.12,-134.97,76.15,63,0.98,0,SH,1604114343
Mataura,-23.12,-134.97,76.15,63,0.98,0,PF,1604114343
Atuona,-46.19,168.86,54,89,13,100,PF,1604114358
Sao Joao Da Barra,-23.12,-134.97,76.15,63,0.98,0,BR,1604114343
Trelew,-23.12,-134.97,76.15,63,0.98,0,AR,1604114343
Vaini,-46.19,168.86,54,89,13,100,TO,1604114358
Ushuaia,-23.12,-134.97,76.15,63,0.98,0,AR,1604114343
Mar Del Plata,-54.8,-68.3,48.2,76,16.11,75,AR,1604114348
Avarua,-54.8,-68.3,48.2,76,16.11,75,CK,1604114348
Rikitea,-23.12,-134.97,76.15,63,0.98,0,PF,1604114343
Mataura,-23.12,-134.97,76.15,63,0.98,0,PF,1604114343
Hermanus,-21.2,-175.2,78.8,74,9.17,40,ZA,1604114347
Cape Town,-23.12,-134.97,76.15,63,0.98,0,ZA,1604114343
Punta Arenas,42.1,-79.24,35.01,86,9.17,90,CL,1604114151
Jamestown,-21.21,-159.78,75.2,78,12.75,91,SH,1604114147
Mataura,42.1,-79.24,35.01,86,9.17,90,PF,1604114151
Cidreira,-24.79,-50.01,51.76,93,10,100,BR,1604114364
Castro,-24.79,-50.01,51.76,93,10,100,CL,1604114364
Jamestown,-46.19,168.86,54,89,13,100,SH,1604114358
Jamestown,-54.8,-68.3,48.2,76,16.11,75,SH,1604114348
Avarua,-53.15,-70.92,48.2,76,6.93,75,CK,1604114352
Jamestown,-19.58,-65.75,43.68,75,6.35,58,SH,1604114413
Uyuni,-23.12,-134.97,76.15,63,0.98,0,BO,1604114343
Faanui,-21.2,-175.2,78.8,74,9.17,40,PF,1604114347
Rikitea,-46.19,168.86,54,89,13,100,PF,1604114358
Hermanus,-19.06,-169.92,77,78,16.11,90,ZA,1604114415
Rikitea,-9.8,-139.03,77.83,75,11.77,61,PF,1604114392
Cabedelo,-21.21,-159.78,75.2,78,12.75,91,BR,1604114147
Ushuaia,-46.19,168.86,54,89,13,100,AR,1604114358
Jamestown,-23.12,-134.97,76.15,63,0.98,0,SH,1604114343
Coahuayana,-54.8,-68.3,48.2,76,16.11,75,MX,1604114348
Ushuaia,-54.8,-68.3,48.2,76,16.11,75,AR,1604114348
Sechura,-46.19,168.86,54,89,13,100,PE,1604114358
Rikitea,-8.76,-35.1,76.95,87,9.48,100,PF,1604114419
Avarua,,,,,,,CK,
Ushuaia,-54.8,-68.3,48.2,76,16.11,75,AR,1604114348
Ushuaia,-21.2,-175.2,78.8,74,9.17,40,AR,1604114347
Lebu,-4.56,-37.77,78.57,81,10.83,67,CL,1604114421
Vaini,-35.33,-72.42,57.52,70,7.2,0,TO,1604114422
Cape Town,-26.65,15.16,58.64,61,25.68,100,ZA,1604114156
Atuona,-46.19,168.86,54,89,13,100,PF,1604114358
Atuona,-23.12,-134.97,76.15,63,0.98,0,PF,1604114343
Samusu,5.41,100.34,87.8,74,5.82,20,WS,1604114373
Rikitea,-23.12,-134.97,76.15,63,0.98,0,PF,1604114343
Punta Arenas,-23.12,-134.97,76.15,63,0.98,0,CL,1604114343
Sao Joao Da Barra,-53.15,-70.92,48.2,76,6.93,75,BR,1604114352
Sao Jose Da Coroa Grande,-21.2,-175.2,78.8,74,9.17,40,BR,1604114347
Mataura,-21.2,-175.2,78.8,74,9.17,40,PF,1604114347
Vaini,-23.12,-134.97,76.15,63,0.98,0,TO,1604114343
Ushuaia,-54.8,-68.3,48.2,76,16.11,75,AR,1604114348
Punta Arenas,-54.8,-68.3,48.2,76,16.11,75,CL,1604114348
Touros,-21.2,-175.2,78.8,74,9.17,40,BR,1604114347
Vaini,,,,,,,TO,
Puerto Ayora,-22.97,-42.03,71.29,81,26.82,100,EC,1604114356
Saleaula,-23.12,-134.97,76.15,63,0.98,0,WS,1604114343
Rikitea,-54.8,-68.3,48.2,76,16.11,75,PF,1604114348
Mar Del Plata,-43.3,-65.1,61.45,35,11.88,0,AR,1604114176
Ushuaia,38.42,-121.42,64.99,58,2.3,1,AR,1604114372
Tacuarembo,-0.74,-90.35,70,92,5.99,84,UY,1604114344
Avarua,42.1,-79.24,35.01,86,9.17,90,CK,1604114151
Punta Arenas,-54.8,-68.3,48.2,76,16.11,75,CL,1604114348
Comodoro Rivadavia,-53.15,-70.92,48.2,76,6.93,75,AR,1604114352
Arraial Do Cabo,-0.74,-90.35,70,92,5.99,84,BR,1604114344
Ancud,-23.12,-134.97,76.15,63,0.98,0,CL,1604114343
Mapiri,5.41,100.34,87.8,74,5.82,20,BO,1604114373
Ushuaia,-54.8,-68.3,48.2,76,16.11,75,AR,1604114348
Chicama,-45.87,-67.5,59.05,38,7.52,0,PE,1604114437
Rikitea,-53.15,-70.92,48.2,76,6.93,75,PF,1604114352
Puerto Ayora,-54.8,-68.3,48.2,76,16.11,75,EC,1604114348
Punta Arenas,-53.15,-70.92,48.2,76,6.93,75,CL,1604114352
Caravelas,-46.19,168.86,54,89,13,100,BR,1604114358
Rikitea,-53.15,-70.92,48.2,76,6.93,75,PF,1604114352
Ushuaia,-23.12,-134.97,76.15,63,0.98,0,AR,1604114343
Georgetown,-34.42,19.23,45,93,12.28,0,SH,1604114198
Mataura,40.8,-96.67,51.8,53,9.17,1,PF,1604114261
Mataura,-21.21,-159.78,75.2,78,12.75,91,PF,1604114147
Sao Geraldo Do Araguaia,-54.8,-68.3,48.2,76,16.11,75,BR,1604114348
Castro,-9.8,-139.03,77.83,75,11.77,61,CL,1604114392
Punta Arenas,7.77,-72.22,68.07,91,1.74,98,CL,1604114443
Vaini,-53.15,-70.92,48.2,76,6.93,75,TO,1604114352
Cape Town,-21.64,-41.05,72.55,96,1.19,100,ZA,1604114372
Avarua,-23.12,-134.97,76.15,63,0.98,0,CK,1604114343
Mataura,-46.19,168.86,54,89,13,100,PF,1604114358
Rikitea,5.41,100.34,87.8,74,5.82,20,PF,1604114373
Jamestown,-21.2,-175.2,78.8,74,9.17,40,SH,1604114347
Valdivia,-53.15,-70.92,48.2,76,6.93,75,CL,1604114352
Constitucion,-16.26,-56.62,72.48,71,4.81,100,CL,1604114447
Pimentel,-23.12,-134.97,76.15,63,0.98,0,PE,1604114343
Mataura,-21.2,-175.2,78.8,74,9.17,40,PF,1604114347
Mataura,-53.15,-70.92,48.2,76,6.93,75,PF,1604114352
Jamestown,-23.12,-134.97,76.15,63,0.98,0,SH,1604114343
Rikitea,-21.2,-175.2,78.8,74,9.17,40,PF,1604114347
Arraial Do Cabo,-9.88,-56.09,72.46,91,3.11,100,BR,1604114450
Santa Maria,-7.47,-34.81,77,88,5.82,40,PY,1604114451
Puerto Ayora,14.31,121.11,91.99,58,10.29,40,EC,1604114309
Puerto Ayora,-37.62,-73.65,51.3,90,12.88,3,EC,1604114346
Vaitupu,-23.12,-134.97,76.15,63,0.98,0,WF,1604114343
Ilhabela,-21.21,-159.78,75.2,78,12.75,91,BR,1604114147
Arraial Do Cabo,-53.15,-70.92,48.2,76,6.93,75,BR,1604114352
Mar Del Plata,-53.15,-70.92,48.2,76,6.93,75,AR,1604114352
Mataura,-22.97,-42.03,71.29,81,26.82,100,PF,1604114356
San Cristobal,-53.15,-70.92,48.2,76,6.93,75,EC,1604114352
Hermanus,,,,,,,ZA,
Vila Velha,-46.19,168.86,54,89,13,100,BR,1604114358
Vaini,-26.79,-60.44,57.69,81,5.23,0,TO,1604114457
Rio Grande,,,,,,,BR,
Rikitea,-30.18,-50.21,63.23,69,9.71,76,PF,1604114458
Jamestown,-21.21,-159.78,75.2,78,12.75,91,SH,1604114147
Castro,-16.48,-151.75,78.8,77,16.35,6,CL,1604114351
Coquimbo,-33.93,18.42,55.99,66,19.46,0,CL,1604114218
Ushuaia,-22.97,-42.03,71.29,81,26.82,100,AR,1604114356
Hermanus,-22.09,-65.59,43.74,68,8.77,4,ZA,1604114460
Punta Arenas,-34.42,19.23,45,93,12.28,0,CL,1604114198
Mar Del Plata,-46.19,168.86,54,89,13,100,AR,1604114358
Mataura,-8.99,-39.91,79.18,65,18.9,96,PF,1604114462
Rikitea,,,,,,,PF,
Saleaula,-21.2,-175.2,78.8,74,9.17,40,WS,1604114347
Mataura,42.1,-79.24,35.01,86,9.17,90,PF,1604114151
Ushuaia,,,,,,,AR,
Haapiti,-22.97,-42.03,71.29,81,26.82,100,PF,1604114356
Cape Town,-45.58,-72.07,53.6,62,1.12,0,ZA,1604114132
Ushuaia,,,,,,,AR,
Mataura,-33.93,18.42,55.99,66,19.46,0,PF,1604114218
Rikitea,-21.21,-159.78,75.2,78,12.75,91,PF,1604114147
Rikitea,7.77,-72.22,68.07,91,1.74,98,PF,1604114443
Mataura,,,,,,,PF,
Necochea,-38,-57.56,53.01,81,6.93,0,AR,1604114300
Vila Velha,-54.8,-68.3,48.2,76,16.11,75,BR,1604114348
Puerto Ayora,-54.8,-68.3,48.2,76,16.11,75,EC,1604114348
Mataura,-0.74,-90.35,70,92,5.99,84,PF,1604114344
Jamestown,-23.12,-134.97,76.15,63,0.98,0,SH,1604114343
Arraial Do Cabo,-54.8,-68.3,48.2,76,16.11,75,BR,1604114348
Ushuaia,-33.93,18.42,55.99,66,19.46,0,AR,1604114218
Rikitea,-54.8,-68.3,48.2,76,16.11,75,PF,1604114348
Mataura,-41.15,-71.31,53.6,32,8.05,0,PF,1604114264
Teavaro,-21.64,-41.05,72.55,96,1.19,100,PF,1604114372
Sechura,-33.7,-53.46,53.35,87,5.73,99,PE,1604114141
Jacareacanga,-34.48,-54.33,44.44,90,1.19,64,BR,1604114474
Castro,-53.15,-70.92,48.2,76,6.93,75,CL,1604114352
Chuy,-15.86,-38.88,77,83,8.05,0,UY,1604114475
Mataura,-20.33,-40.29,75.2,94,5.82,90,PF,1604114475
Vaini,-53.15,-70.92,48.2,76,6.93,75,TO,1604114352
Hermanus,-9.8,-139.03,77.83,75,11.77,61,ZA,1604114392
Mar Del Plata,-54.8,-68.3,48.2,76,16.11,75,AR,1604114348
Ushuaia,-53.15,-70.92,48.2,76,6.93,75,AR,1604114352
Coihaique,-16.48,-151.75,78.8,77,16.35,6,CL,1604114351
Coquimbo,-21.21,-159.78,75.2,78,12.75,91,CL,1604114147
Rikitea,-23.12,-134.97,76.15,63,0.98,0,PF,1604114343
Chapada Dos Guimaraes,-38,-57.56,53.01,81,6.93,0,BR,1604114300
Chuy,-23.12,-134.97,76.15,63,0.98,0,UY,1604114343
Puerto Ayora,-46.19,168.86,54,89,13,100,EC,1604114358
Rikitea,38.42,-121.42,64.99,58,2.3,1,PF,1604114372
Ushuaia,-23.12,-134.97,76.15,63,0.98,0,AR,1604114343
Cape Town,-21.21,-159.78,75.2,78,12.75,91,ZA,1604114147
Ushuaia,-9.8,-139.03,77.83,75,11.77,61,AR,1604114392
Rikitea,-23.12,-134.97,76.15,63,0.98,0,PF,1604114343
Castro,-0.74,-90.35,70,92,5.99,84,CL,1604114344
Rikitea,-43.3,-65.1,61.45,35,11.88,0,PF,1604114176
Rikitea,-23.12,-134.97,76.15,63,0.98,0,PF,1604114343
Puerto Ayora,-46.19,168.86,54,89,13,100,EC,1604114358
Pisco,-34.42,19.23,45,93,12.28,0,PE,1604114198
San Patricio,-23.12,-134.97,76.15,63,0.98,0,MX,1604114343
Cape Town,-23.12,-134.97,76.15,63,0.98,0,ZA,1604114343
Puerto Ayora,-2.45,-44.78,78.8,88,10.29,0,EC,1604114487
Mataura,-9.8,-139.03,77.83,75,11.77,61,PF,1604114392
Atuona,-23.12,-134.97,76.15,63,0.98,0,PF,1604114343
Punta Arenas,,,,,,,CL,
Panorama,-21.89,-42.7,68.14,84,5.75,100,BR,1604114490
Rikitea,-53.15,-70.92,48.2,76,6.93,75,PF,1604114352
Ushuaia,-21.21,-159.78,75.2,78,12.75,91,AR,1604114147
Rikitea,-0.74,-90.35,70,92,5.99,84,PF,1604114344
Atuona,-23.12,-134.97,76.15,63,0.98,0,PF,1604114343
Puerto Ayora,-54.8,-68.3,48.2,76,16.11,75,EC,1604114348
Uruacu,-2.1,-56.49,79.25,80,4.59,100,BR,1604114493
Faanui,-23.12,-134.97,76.15,63,0.98,0,PF,1604114343
Cape Town,-54.8,-68.3,48.2,76,16.11,75,ZA,1604114348
Avarua,-21.2,-175.2,78.8,74,9.17,40,CK,1604114347
Punta Arenas,-54.8,-68.3,48.2,76,16.11,75,CL,1604114348
Hermanus,-53.15,-70.92,48.2,76,6.93,75,ZA,1604114352
Jamestown,-8.01,-34.86,80.6,78,9.17,40,SH,1604114388
Rikitea,-5.09,-81.11,62.74,88,10.25,99,PF,1604114496
Rikitea,-40.81,-63,60.01,37,3,2,PF,1604114497
Saleaula,14.35,121.02,91.99,58,10.29,40,WS,1604114497
Faanui,-6.41,-48.54,74.68,90,0.81,100,PF,1604114498
Ushuaia,-21.21,-159.78,75.2,78,12.75,91,AR,1604114147
Mataura,-53.15,-70.92,48.2,76,6.93,75,PF,1604114352
Mataura,-46.19,168.86,54,89,13,100,PF,1604114358
